"Data Source","World Development Indicators",

"Last Updated Date","2021-10-28",

"Country Name","Country Code","Indicator Name","Indicator Code","1960","1961","1962","1963","1964","1965","1966","1967","1968","1969","1970","1971","1972","1973","1974","1975","1976","1977","1978","1979","1980","1981","1982","1983","1984","1985","1986","1987","1988","1989","1990","1991","1992","1993","1994","1995","1996","1997","1998","1999","2000","2001","2002","2003","2004","2005","2006","2007","2008","2009","2010","2011","2012","2013","2014","2015","2016","2017","2018","2019","2020",
"Aruba","ABW","Contraceptive prevalence, any methods (% of women ages 15-49)","SP.DYN.CONU.ZS","","","","","","","","","","","","","","","","","","","","","","","","","","","","","","","","","","","","","","","","","","","","","","","","","","","","","","","","","","","","","",
"Africa Eastern and Southern","AFE","Contraceptive prevalence, any methods (% of women ages 15-49)","SP.DYN.CONU.ZS","","","","","","","","","","","","","","","","","","","","","","","","","","","","","","","19.936722572674","","","","","","","","","","26.6712116033648","","","","","","","","","","28.1373324726482","","","","","","","39.6850681649588","","","",
"Afghanistan","AFG","Contraceptive prevalence, any methods (% of women ages 15-49)","SP.DYN.CONU.ZS","","","","","","","","","","","","","","1.6","1.6","","","","","","","","","","","","","","","","","","","","","","","","","","5.3","","","10.3","","13.6","18.6","","22.8","","21.8","21.2","","","","","22.5","","18.9","","",
"Africa Western and Central","AFW","Contraceptive prevalence, any methods (% of women ages 15-49)","SP.DYN.CONU.ZS","","","","","","","","","","","","","","","","","","","","","","","","","","","","","","","7.07322845724028","","","","","","","","","","15.4227576351067","","","","","","","","","","17.9123960361399","","","","","","","18.8464439102125","","","",
"Angola","AGO","Contraceptive prevalence, any methods (% of women ages 15-49)","SP.DYN.CONU.ZS","","","","","","","","","","","","","","","","","","","","","","","","","","","","","","","","","","","","","8.1","","","","","6.3","","","","","","","","17.7","","","","","","","13.7","","","","",
"Albania","ALB","Contraceptive prevalence, any methods (% of women ages 15-49)","SP.DYN.CONU.ZS","","","","","","","","","","","","","","","","","","","","","","","","","","","","","","","","","","","","","","","","","57.5","","75.1","","","60.1","","","","69.3","","","","","","","","","46","","",
"Andorra","AND","Contraceptive prevalence, any methods (% of women ages 15-49)","SP.DYN.CONU.ZS","","","","","","","","","","","","","","","","","","","","","","","","","","","","","","","","","","","","","","","","","","","","","","","","","","","","","","","","","","","","","",
"Arab World","ARB","Contraceptive prevalence, any methods (% of women ages 15-49)","SP.DYN.CONU.ZS","","","","","","","","","","","","","","","","","","","","","","","","","","","","","","","36.1160702286533","","","","","","","","","","44.4443150630005","","","","","","","","","","50.5152690365611","","","","","","","44.9820842813878","","","",
"United Arab Emirates","ARE","Contraceptive prevalence, any methods (% of women ages 15-49)","SP.DYN.CONU.ZS","","","","","","","","","","","","","","","","","","","","","","","","","","","","","","","","","","","","27.5","","","","","","","","","","","","","","","","","","","","","","","","","",
"Argentina","ARG","Contraceptive prevalence, any methods (% of women ages 15-49)","SP.DYN.CONU.ZS","","","","","","","","","","","","","","","","","","","","","","","","","","","","","","","","","","","","","","","","","","65.3","","","","78.9","","","","","","","55.4","81.3","","","","","","","",
"Armenia","ARM","Contraceptive prevalence, any methods (% of women ages 15-49)","SP.DYN.CONU.ZS","","","","","","","","","","","","","","","","","","","","","","","","","","","","","","","","56","","","","","","","","","60.5","","","","","53.1","","","","","54.9","","","","","57.1","57.1","","","","",
"American Samoa","ASM","Contraceptive prevalence, any methods (% of women ages 15-49)","SP.DYN.CONU.ZS","","","","","","","","","","","","","","","","","","","","","","","","","","","","","","","","","","","","","","","","","","","","","","","","","","","","","","","","","","","","","",
"Antigua and Barbuda","ATG","Contraceptive prevalence, any methods (% of women ages 15-49)","SP.DYN.CONU.ZS","","","","","","","","","","","","","","","","","","","","","","48.2","48.2","","","","","","52.6","","","","","","","","","","53","","","","","","","","","","","","","","","","","","","","","","",
"Australia","AUS","Contraceptive prevalence, any methods (% of women ages 15-49)","SP.DYN.CONU.ZS","","","","","","","","","","","","","","","","","","","","","","","","","","","76.1","","","","","","","","","66.7","","","","","","","70.8","","","72.3","65.162","","","61.96","","","67.75","","","","66.93","","","","",
"Austria","AUT","Contraceptive prevalence, any methods (% of women ages 15-49)","SP.DYN.CONU.ZS","","","","","","","","","","","","","","","","","","","","","","","71.4","","","","","","","","","","","","","","50.9","","","","","","","","","","","","","69.6","","","81","65.7","","71","","","","79","",
"Azerbaijan","AZE","Contraceptive prevalence, any methods (% of women ages 15-49)","SP.DYN.CONU.ZS","","","","","","","","","","","","","","","","","","","","","","","","","","","","","","","","","","","","","","","","","55.1","55.4","","","","","51.1","","","","","54.9","","","","","","","","","",
"Burundi","BDI","Contraceptive prevalence, any methods (% of women ages 15-49)","SP.DYN.CONU.ZS","","","","","","","","","","","","","","","","","","","","","","","","","","","","8.7","","","","","","","","","","","","","15.7","","19.7","","","9.1","","","","22.7","21.9","21.9","31.7","","","","28.5","28.5","","","",
"Belgium","BEL","Contraceptive prevalence, any methods (% of women ages 15-49)","SP.DYN.CONU.ZS","","","","","","","72","","","","","","","","","","87","","","","","","","81","","","","","","","","","78.4","","","","","56.5","","","","75.6","","","74.6","","","","","70.4","70.4","","","66.7531663383057","","","","","66.7","","",
"Benin","BEN","Contraceptive prevalence, any methods (% of women ages 15-49)","SP.DYN.CONU.ZS","","","","","","","","","","","","","","","","","","","","","","","6.6","","","","","","","","","","","","","","16.4","","","","","18.6","","","","","17","","","","","","12.9","","17.9","","","","15.5","","",
"Burkina Faso","BFA","Contraceptive prevalence, any methods (% of women ages 15-49)","SP.DYN.CONU.ZS","","","","","","","","","","","","","","","","","","","","","","","","","","","","","","","","","","7.9","","","","","","11.9","","","","13.8","","","17.4","","","","16.2","16.2","","","20.8","20.8","25.52","25.4184476954018","31.6686126218256","32.5","30.1119",
"Bangladesh","BGD","Contraceptive prevalence, any methods (% of women ages 15-49)","SP.DYN.CONU.ZS","","","","","","","","","","","","","","","","","7.7","","","","12.7","18.6","","","19.1","","25.3","","","30.8","","39.9","","","44.9","","","49.8","","","54.3","50.2","","","58.5","","","55.8","52.64","","","61.2","","61.8","62.3","","62.8","","61.9","62.7","",
"Bulgaria","BGR","Contraceptive prevalence, any methods (% of women ages 15-49)","SP.DYN.CONU.ZS","","","","","","","","","","","","","","","","","75","","","","","","","","","","","","","","","","","","","85.9","","","63.4","","","","","","","64.4","","69.2","","","","","","","","","","","","","",
"Bahrain","BHR","Contraceptive prevalence, any methods (% of women ages 15-49)","SP.DYN.CONU.ZS","","","","","","","","","","","","","","","","","","","","","","","","","","","","","","53.8","","","","","","61.8","","","","","53.4","","","","","","","","","","","","","","","","","","","","",
"Bahamas, The","BHS","Contraceptive prevalence, any methods (% of women ages 15-49)","SP.DYN.CONU.ZS","","","","","","","","","","","","","","","","","","","","","","","","","","","","","61.7","","","","","","","","","","","","","44.6","","","","","","","","","","","","","","","","","","","",
"Bosnia and Herzegovina","BIH","Contraceptive prevalence, any methods (% of women ages 15-49)","SP.DYN.CONU.ZS","","","","","","","","","","","42.9","","","","","","","","","","","","","","","","","","","","","","","","","","","","","","47.5","","","","","","35.7","","","","","","45.8","","","","","","","","",
"Belarus","BLR","Contraceptive prevalence, any methods (% of women ages 15-49)","SP.DYN.CONU.ZS","","","","","","","","","","","","","","","","","","","","","","","","","","","","","","","","","","","","50.4","","","","","","","","","","72.6","","","","","","","63.1","","","","","71.15","","","",
"Belize","BLZ","Contraceptive prevalence, any methods (% of women ages 15-49)","SP.DYN.CONU.ZS","","","","","","","","","","","","","","","","","","","","","","","","","","","","","","","","46.7","","","","","","","","56.1","","","","","","","34.3","","","","","55.2","","","","","51.4","","","","",
"Bermuda","BMU","Contraceptive prevalence, any methods (% of women ages 15-49)","SP.DYN.CONU.ZS","","","","","","","","","","","","","","","","","","","","","","","","","","","","","","","","","","","","","","","","","","","","","","","","","","","","","","","","","","","","","",
"Bolivia","BOL","Contraceptive prevalence, any methods (% of women ages 15-49)","SP.DYN.CONU.ZS","","","","","","","","","","","","","","","","","","","","","","","","23.6","","","","","","30.3","","","","","45.3","","","","48.3","","53.4","","","58.4","58.4","","","","60.5","","","","","","","","66.5","","","","",
"Brazil","BRA","Contraceptive prevalence, any methods (% of women ages 15-49)","SP.DYN.CONU.ZS","","","","","","","","","","","","","","","","","","","","","","","","","","","66.2","","","","","59.2","","","","","76.7","","","","","","","","","","80.3","80.3","","","","","","80.2","","","","","","","",
"Barbados","BRB","Contraceptive prevalence, any methods (% of women ages 15-49)","SP.DYN.CONU.ZS","","","","","","","","","","","","","","","","","","","","","","46.5","","","","","","","55","","","","","","","","","","55","","","","","","","","","","","","","","59.2","","","","","","","","",
"Brunei Darussalam","BRN","Contraceptive prevalence, any methods (% of women ages 15-49)","SP.DYN.CONU.ZS","","","","","","","","","","","","","","","","","","","","","","","","","","","","","","","","","","","","","","","","","","","","","","","","","","","","","","","","","","","","","",
"Bhutan","BTN","Contraceptive prevalence, any methods (% of women ages 15-49)","SP.DYN.CONU.ZS","","","","","","","","","","","","","","","","","","","","","","","","","","","","","","","","","","","18.8","","","","","","30.7","","","","","","","","","","65.6","","","","","","","","","","",
"Botswana","BWA","Contraceptive prevalence, any methods (% of women ages 15-49)","SP.DYN.CONU.ZS","","","","","","","","","","","","","","","","","","","","","","","","","19.3","","","","33","","","","","","","","47.2055441661467","","","","44.4","","","","","","","52.8","52.8","","","","","","","","","67.4","","","",
"Central African Republic","CAF","Contraceptive prevalence, any methods (% of women ages 15-49)","SP.DYN.CONU.ZS","","","","","","","","","","","","","","","","","","","","","","","","","","","","","","","","","","","","14.8","","","","","27.9","","","","","","19","","","","15.2","15.2","","","","","","","","17.8","",
"Canada","CAN","Contraceptive prevalence, any methods (% of women ages 15-49)","SP.DYN.CONU.ZS","","","","","","","","","","","","","","","","","","","","","","","","","73.1","","","","","","","","","","","74.7","","","80","","","","74","","","","85","","","","","","","","","","","","","","",
"Central Europe and the Baltics","CEB","Contraceptive prevalence, any methods (% of women ages 15-49)","SP.DYN.CONU.ZS","","","","","","","","","","","","","","","","","","","","","","","","","","","","","","","","","","","","","","","","","","","","","","","","","","","","","","","","","","","","","",
"Switzerland","CHE","Contraceptive prevalence, any methods (% of women ages 15-49)","SP.DYN.CONU.ZS","","","","","","","","","","","","","","","","","","","","","71.2","","","","","","","","","","","","","","","82","","","","","","","","","","","","","","","","","72.9","","","","","71.6","","","",
"Channel Islands","CHI","Contraceptive prevalence, any methods (% of women ages 15-49)","SP.DYN.CONU.ZS","","","","","","","","","","","","","","","","","","","","","","","","","","","","","","","","","","","","","","","","","","","","","","","","","","","","","","","","","","","","","",
"Chile","CHL","Contraceptive prevalence, any methods (% of women ages 15-49)","SP.DYN.CONU.ZS","","","","","","","","","","","","","","","","","","","43","","","","","","","","","","","","56","","","","","","","","","","","60.7","","","","","","","","","","","","","","","76.2635245751857","","","","",
"China","CHN","Contraceptive prevalence, any methods (% of women ages 15-49)","SP.DYN.CONU.ZS","","","","","","","","","","","","","","","","","","","","","","","69.5","","","","","","71.1","","","","84.6","","90.6999969482","90.4000015259","91.0999984741","83.8","","83","83.8","86.9","","","","","84.6","","89.3","89","89.1","88.6","87.9","","","86.75342","","84.5","","","",
"Cote d'Ivoire","CIV","Contraceptive prevalence, any methods (% of women ages 15-49)","SP.DYN.CONU.ZS","","","","","","","","","","","","","","","","","","","","","","2.9","","","","","","","","","","","","","11.4","","","","","15","","","","","","","12.9","","","","","","18.2","","","","15.5","23.5645618324185","23.3","","",
"Cameroon","CMR","Contraceptive prevalence, any methods (% of women ages 15-49)","SP.DYN.CONU.ZS","","","","","","","","","","","","","","","","","","","2.4","","","","","","","","","","","","","16.1","","","","","","","19.3","","25.6","","","","26","","29.2","","","","","23.4","","","34.4","","","","19.3","","",
"Congo, Dem. Rep.","COD","Contraceptive prevalence, any methods (% of women ages 15-49)","SP.DYN.CONU.ZS","","","","","","","","","","","","","","","","","","","","","","","","25.8","15.4","","","","","","","7.7","","","","","","","","","","31.4","","","","","","20.6","","","17.7","","","","20.4","","","","28.1","","",
"Congo, Rep.","COG","Contraceptive prevalence, any methods (% of women ages 15-49)","SP.DYN.CONU.ZS","","","","","","","","","","","","","","","","","","","","","","","","","","","","","","","","","","","","","","","","","","","","","","44.3","","","","","","","44.7","","","30.1","","","","","",
"Colombia","COL","Contraceptive prevalence, any methods (% of women ages 15-49)","SP.DYN.CONU.ZS","","","","","","","","","","20.5","","","","","","","42.5","","46.1","","48.5","","","","","","64.8","","","","66.1","","","","","72.2","","","","","76.9","","","","","78.2","","","","","79.1","","","","","81","81","","","","",
"Comoros","COM","Contraceptive prevalence, any methods (% of women ages 15-49)","SP.DYN.CONU.ZS","","","","","","","","","","","","","","","","","","","","","","","","","","","","","","","","","","","","","21","","","","25.7","","","","","","","","","","","","19.4","","","","","","","","",
"Cabo Verde","CPV","Contraceptive prevalence, any methods (% of women ages 15-49)","SP.DYN.CONU.ZS","","","","","","","","","","","","","","","","","","","","","","","","","","","","","23.8","23.8","","","","","","","","","52.9","","","","","","","61.3","","","","","","","","","","","","","55.8","","",
"Costa Rica","CRI","Contraceptive prevalence, any methods (% of women ages 15-49)","SP.DYN.CONU.ZS","","","","","","","","","","","","","","","","","64.4","64.4","63.8","","","65.2","","","","","69.5","","","","","","","75","","","","","","80","","","","","","96","","96","80","81.1","82.2","76.2","","","","77.8","","","70.9","","",
"Caribbean small states","CSS","Contraceptive prevalence, any methods (% of women ages 15-49)","SP.DYN.CONU.ZS","","","","","","","","","","","","","","","","","","","","","","","","","","","","","","","51.2746369310717","","","","","","","","","","53.5404192916506","","","","","","","","","","57.7515585651533","","","","","","","","","","",
"Cuba","CUB","Contraceptive prevalence, any methods (% of women ages 15-49)","SP.DYN.CONU.ZS","","","","","","","","","","","","","","","","","","","","","60","","60","","","","","70","","","","","","","","","","","","","73.3","","","","","","72.6","77.1","","77.8","77.8","74.3","","","73.7","","","","","69.0042618858626","",
"Curacao","CUW","Contraceptive prevalence, any methods (% of women ages 15-49)","SP.DYN.CONU.ZS","","","","","","","","","","","","","","","","","","","","","","","","","","","","","","","","","","","","","","","","","","","","","","","","","","","","","","","","","","","","","",
"Cayman Islands","CYM","Contraceptive prevalence, any methods (% of women ages 15-49)","SP.DYN.CONU.ZS","","","","","","","","","","","","","","","","","","","","","","","","","","","","","","","","","","","","","","","","","","","","","","","","","","","","","","","","","","","","","",
"Cyprus","CYP","Contraceptive prevalence, any methods (% of women ages 15-49)","SP.DYN.CONU.ZS","","","","","","","","","","","","","","","","","","","","","","","","","","","","","","","","","","","","","","","","","","","","","","","","","","","","","","","","","","","","","",
"Czech Republic","CZE","Contraceptive prevalence, any methods (% of women ages 15-49)","SP.DYN.CONU.ZS","","","","","","","","","","","66","","","","","","","95","","","","","","","","","","","","","","78","","68.9","","","","72","","","","","","","","78.2","","","86.3","","","","","","","","","","","","",
"Germany","DEU","Contraceptive prevalence, any methods (% of women ages 15-49)","SP.DYN.CONU.ZS","","","","","","","","","","","","70.0833333333333","82.1768283174801","","","","","","","","","","","","","77.9","","","","","","","70.1","","","","","","","","","","","","","66.2","","","50.7","","","80.3","","","","","","","67","","",
"Djibouti","DJI","Contraceptive prevalence, any methods (% of women ages 15-49)","SP.DYN.CONU.ZS","","","","","","","","","","","","","","","","","","","","","","","","","","","","","","","","","","","","","","","","","","","9","","","","17.8","","22.5","","","","19","","","","","","","","",
"Dominica","DMA","Contraceptive prevalence, any methods (% of women ages 15-49)","SP.DYN.CONU.ZS","","","","","","","","","","","","","","","","","","","","","","62.3","62.3","","","","","49.8","","","","","","","","","","","50","","","","","","","","","","","","","","","","","","","","","","",
"Denmark","DNK","Contraceptive prevalence, any methods (% of women ages 15-49)","SP.DYN.CONU.ZS","","","","","","","","","","","67","","","","","63","","","","","","","","","","","","","78","","","","76.5","76.5","","","","","","","","","","","","","","","","","","","","","","","","","","","",
"Dominican Republic","DOM","Contraceptive prevalence, any methods (% of women ages 15-49)","SP.DYN.CONU.ZS","","","","","","","","","","","","","","","","31.8","","","","","42","","","45.8","","","49.8","","","","","56.4","","","","","63.7","","","69.2","64.7","","69.8","","","","61.3","72.9","","","73","","","71.9","69.5","","","","","","",
"Algeria","DZA","Contraceptive prevalence, any methods (% of women ages 15-49)","SP.DYN.CONU.ZS","","","","","","","","","","","","","","","","","","","","","","","","","","","","35.8","","","","","50.9","","","56.9","","","","","64","","57","","","","61.4","","","","","","55.9","57.1","","","","","","","",
"East Asia & Pacific (excluding high income)","EAP","Contraceptive prevalence, any methods (% of women ages 15-49)","SP.DYN.CONU.ZS","","","","","","","","","","","","","","","","","","","","","","","","","","","","","","","74.7164276100896","","","","","","","","","","76.2729030974509","","","","","","","","","","81.0138138897996","","","","","","","76.0636915640331","","","",
"Early-demographic dividend","EAR","Contraceptive prevalence, any methods (% of women ages 15-49)","SP.DYN.CONU.ZS","","","","","","","","","","","","","","","","","","","","","","","","","","","","","","","42.8927864304562","","","","","","","","","","49.2597809644588","","","","","","","","","","55.6482112408602","","","","","","","53.6508572896405","","","",
"East Asia & Pacific","EAS","Contraceptive prevalence, any methods (% of women ages 15-49)","SP.DYN.CONU.ZS","","","","","","","","","","","","","","","","","","","","","","","","","","","","","","","73.7308164103615","","","","","","","","","","75.3565739617154","","","","","","","","","","80.7799679046469","","","","","","","74.4691250899143","","","",
"Europe & Central Asia (excluding high income)","ECA","Contraceptive prevalence, any methods (% of women ages 15-49)","SP.DYN.CONU.ZS","","","","","","","","","","","","","","","","","","","","","","","","","","","","","","","","","","","","","","","","","","","","","","","","","","","63.6908460199187","","","","","","","","","","",
"Europe & Central Asia","ECS","Contraceptive prevalence, any methods (% of women ages 15-49)","SP.DYN.CONU.ZS","","","","","","","","","","","","","","","","","","","","","","","","","","","","","","","","","","","","","","","","","","","","","","","","","","","68.9804432878214","","","","","","","","","","",
"Ecuador","ECU","Contraceptive prevalence, any methods (% of women ages 15-49)","SP.DYN.CONU.ZS","","","","","","","","","","","","","","","","","","","","33.6","33.6","","39.9","","","","","44.3","","52.9","","","","","56.8","","","","","65.8","","","","","72.7","","","","","","","","80.1","","","","","","","","",
"Egypt, Arab Rep.","EGY","Contraceptive prevalence, any methods (% of women ages 15-49)","SP.DYN.CONU.ZS","","","","","","","","","","","","","","","","24.9","","","","","31.4","","","","30.3","","","","37.8","37.8","","47.6","47.1","47.1","","47.9","47.9","54.5","54.5","","56.1","","","60","","59.2","","","60.3","","","","","","58.5","","","","","","",
"Euro area","EMU","Contraceptive prevalence, any methods (% of women ages 15-49)","SP.DYN.CONU.ZS","","","","","","","","","","","","","","","","","","","","","","","","","","","","","","","","","","","","","","","","","","","","","","","","","","","","","","","","","","","","","",
"Eritrea","ERI","Contraceptive prevalence, any methods (% of women ages 15-49)","SP.DYN.CONU.ZS","","","","","","","","","","","","","","","","","","","","","","","","","","","","","","","","","","","","8","8","","","","","","8","","","","","","","","8.4","","","","","","","","","","",
"Spain","ESP","Contraceptive prevalence, any methods (% of women ages 15-49)","SP.DYN.CONU.ZS","","","","","","","","","","","","","","","","","","47.1","","","","","","","","59.4","","","","","","","","","","81.1","","","","71.7","","","","","","","65.7","","","","","","","","72.7","","70.9","","72.2","","",
"Estonia","EST","Contraceptive prevalence, any methods (% of women ages 15-49)","SP.DYN.CONU.ZS","","","","","","","","","","","","","","","","","","","","","","","","","","","","","","","","","","","70.3","","","","","","","","","","","63.4","","","","","","","","","","","","","","","",
"Ethiopia","ETH","Contraceptive prevalence, any methods (% of women ages 15-49)","SP.DYN.CONU.ZS","","","","","","","","","","","","","","","","","","","","","","","","","","","","","","","4.8","","","","","","","3.3","","","8.1","","","","","14.7","","","","","","28.6","","","42","37.9","35.9","36.5555026144542","40.1","41.4","",
"European Union","EUU","Contraceptive prevalence, any methods (% of women ages 15-49)","SP.DYN.CONU.ZS","","","","","","","","","","","","","","","","","","","","","","","","","","","","","","","","","","","","","","","","","","","","","","","","","","","","","","","","","","","","","",
"Fragile and conflict affected situations","FCS","Contraceptive prevalence, any methods (% of women ages 15-49)","SP.DYN.CONU.ZS","","","","","","","","","","","","","","","","","","","","","","","","","","","","","","","10.7384171520428","","","","","","","","","","25.3117204006444","","","","","","","","","","28.3016517632173","","","","","","","28.7288149928091","","","",
"Finland","FIN","Contraceptive prevalence, any methods (% of women ages 15-49)","SP.DYN.CONU.ZS","","","","","","","","","","","","77","","","","","","80","","","","","","","","","","","","","77.4","","78.8461538461538","","","","","","","79.4701986754967","","","","","","","","74.2222222222222","","","","","","","","85.4748603351955","","","","","",
"Fiji","FJI","Contraceptive prevalence, any methods (% of women ages 15-49)","SP.DYN.CONU.ZS","","","","","","","","","","","","","","","40.9","","","","38","","","","","","","","","","","","","","","","","","","43.9","","","44","","35","","","","","43.1","","","31.77","","44.3","","","","","","","","",
"France","FRA","Contraceptive prevalence, any methods (% of women ages 15-49)","SP.DYN.CONU.ZS","","","","","","","","","","","","64","64","","","","","71","78.7","","","","","","","","","","81.2","","","","","","74.5","","","","","","81.8","","","","","76.6","","","76.4","","78.4","78.4","","","","","","","","","",
"Faroe Islands","FRO","Contraceptive prevalence, any methods (% of women ages 15-49)","SP.DYN.CONU.ZS","","","","","","","","","","","","","","","","","","","","","","","","","","","","","","","","","","","","","","","","","","","","","","","","","","","","","","","","","","","","","",
"Micronesia, Fed. Sts.","FSM","Contraceptive prevalence, any methods (% of women ages 15-49)","SP.DYN.CONU.ZS","","","","","","","","","","","","","","","","","","","","","","","","","","","","","","","","","","","","","","","45","","","","","","23","","","","","55","","","","","","","","","","","",
"Gabon","GAB","Contraceptive prevalence, any methods (% of women ages 15-49)","SP.DYN.CONU.ZS","","","","","","","","","","","","","","","","","","","","","","","","","","","","","","","","","","","","","","","","","32.7","","","","","","","","","","","","31.1","","","","","","","","",
"United Kingdom","GBR","Contraceptive prevalence, any methods (% of women ages 15-49)","SP.DYN.CONU.ZS","","","","","","","","","","","","","","","","","77","","","","","","","83","","","81","","","69","","70","","82","","82","82","74","74","82","76","80","83","84","84","82","82","84","82","84","","","76.1","","","","","","","","",
"Georgia","GEO","Contraceptive prevalence, any methods (% of women ages 15-49)","SP.DYN.CONU.ZS","","","","","","","","","","","","","","","","","","","","","","","","","","","","","","","","","","","","","","","","40.5","40.5","","","","","31.5","45.6","","","35.5","53.4","","","","","","","","40.6","","",
"Ghana","GHA","Contraceptive prevalence, any methods (% of women ages 15-49)","SP.DYN.CONU.ZS","","","","","","","","","","","","","","","","","","","","","9.5","","","","","","","","12.9","","","","10.5","20.3","20.3","","","","22","22","","","","25.2","","","16.6","","23.5","","","34.7","","19.8","26.7","34.7","30.6","30.8","27.2","","",
"Gibraltar","GIB","Contraceptive prevalence, any methods (% of women ages 15-49)","SP.DYN.CONU.ZS","","","","","","","","","","","","","","","","","","","","","","","","","","","","","","","","","","","","","","","","","","","","","","","","","","","","","","","","","","","","","",
"Guinea","GIN","Contraceptive prevalence, any methods (% of women ages 15-49)","SP.DYN.CONU.ZS","","","","","","","","","","","","","","","","","","","","","","","","","","","","","","","","","1.7","1.7","","","","","","6.2","","","","6.5","","9.1","","","","","","","5.6","","","","8.7","","10.9","","",
"Gambia, The","GMB","Contraceptive prevalence, any methods (% of women ages 15-49)","SP.DYN.CONU.ZS","","","","","","","","","","","","","","","","","","","","","","","","","","","","","","","11.8","","","","","","","","","","9.5","17.5","","","","","","","","","13.3","","","9","","","","","16.8","","18.9",
"Guinea-Bissau","GNB","Contraceptive prevalence, any methods (% of women ages 15-49)","SP.DYN.CONU.ZS","","","","","","","","","","","","","","","","","","","","","","","","","","","","","","","","","","","","","","","","","7.6","","","","","","10.3","","","","14.2","","","","16","","","","","20.6","",
"Equatorial Guinea","GNQ","Contraceptive prevalence, any methods (% of women ages 15-49)","SP.DYN.CONU.ZS","","","","","","","","","","","","","","","","","","","","","","","","","","","","","","","","","","","","","","","","","10.1","","","","","","","","","","","12.6","","","","","","","","","",
"Greece","GRC","Contraceptive prevalence, any methods (% of women ages 15-49)","SP.DYN.CONU.ZS","","","","","","","","","","","","","","","","","","","","","","","","77.2","","","","","","","","","","","","","","","","61.3","","76.2","","","","","","","","","","","","","","","","","","","",
"Grenada","GRD","Contraceptive prevalence, any methods (% of women ages 15-49)","SP.DYN.CONU.ZS","","","","","","","","","","","","","","","","","","","","","","","","","","31","","","","","54.3","","","","","","","","54","","","","","","","","54","","","","","","","","","","","","","","",
"Greenland","GRL","Contraceptive prevalence, any methods (% of women ages 15-49)","SP.DYN.CONU.ZS","","","","","","","","","","","","","","","","","","","","","","","","","","","","","","","","","","","","","","","","","","","","","","","","","","","","","","","","","","","","","",
"Guatemala","GTM","Contraceptive prevalence, any methods (% of women ages 15-49)","SP.DYN.CONU.ZS","","","","","","","","","","","","","","","","","","","18.1","","","","","25","","","","23.2","","","","","","","","31.4","","","","38.2","","","43.3","","","","","","","54.1","","","","","","60.6","","","","","",
"Guam","GUM","Contraceptive prevalence, any methods (% of women ages 15-49)","SP.DYN.CONU.ZS","","","","","","","","","","","","","","","","","","","","","","","","","","","","","","","","","","","","","","","","","","","66.6","","","","","","","","","","","","","","","","","","",
"Guyana","GUY","Contraceptive prevalence, any methods (% of women ages 15-49)","SP.DYN.CONU.ZS","","","","","","","","","","","","","","","","29.5","","","","","","","","","","","","","","","","","38.2","","","","","","","","37.3","","","","","34.6","34.2","34.2","","42.5","","","","","33.9","","","","","","",
"High income","HIC","Contraceptive prevalence, any methods (% of women ages 15-49)","SP.DYN.CONU.ZS","","","","","","","","","","","","","","","","","","","","","","","","","","","","","","","70.0551045098499","","","","","","","","","","70.6965465620976","","","","","","","","","","","","","","","","","65.7901754570971","","","",
"Hong Kong SAR, China","HKG","Contraceptive prevalence, any methods (% of women ages 15-49)","SP.DYN.CONU.ZS","","","","","","","","42","","","","","49.6","","","","","71.9","","","","","72.3","","","","","80.8","","","","","86.2","","","","","86","","","","","86.2","","","","","79.5","","","","","74.8","","","","","66.7","","","",
"Honduras","HND","Contraceptive prevalence, any methods (% of women ages 15-49)","SP.DYN.CONU.ZS","","","","","","","","","","","","","","","","","","","","","","26.9","","","34.9","","","40.6","","","","","46.7","","","","49.2","","","","","61.6","","","","","65.2","","","","","","73.2","","","","","","","","",
"Heavily indebted poor countries (HIPC)","HPC","Contraceptive prevalence, any methods (% of women ages 15-49)","SP.DYN.CONU.ZS","","","","","","","","","","","","","","","","","","","","","","","","","","","","","","","10.3861779879886","","","","","","","","","","19.0613299300039","","","","","","","","","","25.3102602090675","","","","","","","30.5106099057941","","","",
"Croatia","HRV","Contraceptive prevalence, any methods (% of women ages 15-49)","SP.DYN.CONU.ZS","","","","","","","","","","","58","","","","","","","","","","","","","","","","","","","","","","","","","","","","","","69","","","","","","","","","","","","","","","","","","","","",
"Haiti","HTI","Contraceptive prevalence, any methods (% of women ages 15-49)","SP.DYN.CONU.ZS","","","","","","","","","","","","","","","","","","18.9","","","","","","6.9","","","","6.7","","10.2","","","","","","18","","","","","28.1","","","","","","32","","","","","","34.5","","","","34.3","34.3","","","",
"Hungary","HUN","Contraceptive prevalence, any methods (% of women ages 15-49)","SP.DYN.CONU.ZS","","","","","","","66.6","","","67","","","73","","74","76","","73.1","","","","","","","","","73.1","","","","","","","80.6","","","","","","","","","","","","","","","","61.6","","","","","","","","","","","",
"IBRD only","IBD","Contraceptive prevalence, any methods (% of women ages 15-49)","SP.DYN.CONU.ZS","","","","","","","","","","","","","","","","","","","","","","","","","","","","","","","63.7888642832705","","","","","","","","","","66.1280870154449","","","","","","","","","","70.3219008087691","","","","","","","66.8414635457521","","","",
"IDA & IBRD total","IBT","Contraceptive prevalence, any methods (% of women ages 15-49)","SP.DYN.CONU.ZS","","","","","","","","","","","","","","","","","","","","","","","","","","","","","","","56.2029862861949","","","","","","","","","","58.5021647155048","","","","","","","","","","61.932840131103","","","","","","","58.905726395614","","","",
"IDA total","IDA","Contraceptive prevalence, any methods (% of women ages 15-49)","SP.DYN.CONU.ZS","","","","","","","","","","","","","","","","","","","","","","","","","","","","","","","16.8662872784783","","","","","","","","","","28.6497321570826","","","","","","","","","","32.7338224482111","","","","","","","36.193574787741","","","",
"IDA blend","IDB","Contraceptive prevalence, any methods (% of women ages 15-49)","SP.DYN.CONU.ZS","","","","","","","","","","","","","","","","","","","","","","","","","","","","","","","13.8244740770174","","","","","","","","","","28.4746050446895","","","","","","","","","","27.4229690038518","","","","","","","30.7752221573587","","","",
"Indonesia","IDN","Contraceptive prevalence, any methods (% of women ages 15-49)","SP.DYN.CONU.ZS","","","","","","","","","","","","","","8.6","","","26.3","","","31.2","","","","","","38.5","","47.7","","","","49.7","","53.1","54.7","54.2","54.2","57.4","55.4","55.4","54.8","52.5","54.2","60.3","56.7","57.9","57.9","57.4","61.4","60.6","61","61.3","61.9","62","61.6","60","59.4","63.6","55.5","","",
"IDA only","IDX","Contraceptive prevalence, any methods (% of women ages 15-49)","SP.DYN.CONU.ZS","","","","","","","","","","","","","","","","","","","","","","","","","","","","","","","18.6482548936984","","","","","","","","","","28.7397043969182","","","","","","","","","","35.2536021566599","","","","","","","38.9061979361906","","","",
"Isle of Man","IMN","Contraceptive prevalence, any methods (% of women ages 15-49)","SP.DYN.CONU.ZS","","","","","","","","","","","","","","","","","","","","","","","","","","","","","","","42.2376327506","","","","","","","","","","60.6418708753","","","","","","","","","","61.4433776919","","","","","","","","","","",
"India","IND","Contraceptive prevalence, any methods (% of women ages 15-49)","SP.DYN.CONU.ZS","","","","","","","","","","","13.6","13.6","","","","","","","","","35.3","35.3","","","","","","","44.9","","","","","40.7","","","","","","48.2","46.9","","","53","53","54.4","56.3","","54.8","","","","","","","","53.5","","","","",
"Not classified","INX","Contraceptive prevalence, any methods (% of women ages 15-49)","SP.DYN.CONU.ZS","","","","","","","","","","","","","","","","","","","","","","","","","","","","","","","","","","","","","","","","","","","","","","","","","","","","","","","","","","","","","",
"Ireland","IRL","Contraceptive prevalence, any methods (% of women ages 15-49)","SP.DYN.CONU.ZS","","","","","","","","","","","","","","","","","","","","","","","","","","","","","","","","","","","","","","","77","","","","75","","76.1904761904762","64.8","","","","","73.2626619552415","","","","","","","","","","",
"Iran, Islamic Rep.","IRN","Contraceptive prevalence, any methods (% of women ages 15-49)","SP.DYN.CONU.ZS","","","","","","","","","","","","","","","","","","36","23","","","","","","","","","","","48.9","","49","64.6","67.8","70","72.8","73.7","72.9","","","73.8","","73.3","","","78.9","","","","","77.4","77.4","","","","","","","","","",
"Iraq","IRQ","Contraceptive prevalence, any methods (% of women ages 15-49)","SP.DYN.CONU.ZS","","","","","","","","","","","","","","","14.5","","","","","","","","","","","","","","","13.7","","","","","","","","","","","43.5","","","","","","49.8","","","","","52.5","","","","","","","52.8","","",
"Iceland","ISL","Contraceptive prevalence, any methods (% of women ages 15-49)","SP.DYN.CONU.ZS","","","","","","","","","","","","","","","","","","","","","","","","","","","","","","","","","","","","","","","","","","","","","","","","","","","","","","","","","","","","","",
"Israel","ISR","Contraceptive prevalence, any methods (% of women ages 15-49)","SP.DYN.CONU.ZS","","","","","","","","","","","","","","","","","","","","","","","","","","","","","68","","","","","","","","","","","","","","","","","","","","","","","","","","","","","","","","",
"Italy","ITA","Contraceptive prevalence, any methods (% of women ages 15-49)","SP.DYN.CONU.ZS","","","","","","","","","","","","","","","","","","","","78","","","","","","","","","","","","","","","","","62.7","","","","","","","","","","","","","","","","","65.1","","","","","","","",
"Jamaica","JAM","Contraceptive prevalence, any methods (% of women ages 15-49)","SP.DYN.CONU.ZS","","","","","","","","","","","","","","","","","38.3","","","54.9","","","","51.4","","","","","","54.6","","","","62","","","","65.9","","","","","69.1","69","","","","","72.5","72.5","","","","","","","","","","","",
"Jordan","JOR","Contraceptive prevalence, any methods (% of women ages 15-49)","SP.DYN.CONU.ZS","","","","","","","","","","","","","26.1","","","","25.2","","","","","","","26","","26.5","","","","","40","","","","","","","52.6","","","","","55.8","","","","","57.1","","59.3","","","61.2","","","","","","51.8","","",
"Japan","JPN","Contraceptive prevalence, any methods (% of women ages 15-49)","SP.DYN.CONU.ZS","","42","","44.6","","55.5","","53","","52.1","","52.6","","59.3","","60.5","","60.4","","62.2","","","","","57.3","","62.8","64.5","56.3","","57.9","","64","","58.6","","56.6","60.4","54.1","","55.9","","","","52","54.3","","","","","","","","","54.7","39.8","","","","","",
"Kazakhstan","KAZ","Contraceptive prevalence, any methods (% of women ages 15-49)","SP.DYN.CONU.ZS","","","","","","","","","","","","","","","","","","","","","","","","","","","","","","","","","","","","59.1","","","","66.1","","","","","","","50.7","","","","","51","","","","55.7","","","52.98","","",
"Kenya","KEN","Contraceptive prevalence, any methods (% of women ages 15-49)","SP.DYN.CONU.ZS","","","","","","","","","","","","","","","","","","","7","","","","","","17","","","","","26.9","","","","32.7","","","","","39","","","","","39.3","","","","","","45.5","","","","","58","66.3","61.6","60.5453687579435","62.8","59.7","",
"Kyrgyz Republic","KGZ","Contraceptive prevalence, any methods (% of women ages 15-49)","SP.DYN.CONU.ZS","","","","","","","","","","","","","","","","","","","","","","","","","","","","","","","","","","","","","","59.5","","","","","","","","","47.8","","","","","","36.3","","42","","","54.1","39.4","","",
"Cambodia","KHM","Contraceptive prevalence, any methods (% of women ages 15-49)","SP.DYN.CONU.ZS","","","","","","","","","","","","","","","","","","","","","","","","","","","","","","","","","","","","12.6","","","21.8","","23.8","","","","","40","40","","","","50.5","50.5","","","56.3","","","","","","",
"Kiribati","KIR","Contraceptive prevalence, any methods (% of women ages 15-49)","SP.DYN.CONU.ZS","","","","","","","","","","","","","","","","","","","","","","","","","","","","","","","","","","","","","","","20.9","","36.1","","","","21.5","","","","19.9738","22.3","","","","","","","","","","33.5","",
"St. Kitts and Nevis","KNA","Contraceptive prevalence, any methods (% of women ages 15-49)","SP.DYN.CONU.ZS","","","","","","","","","","","","","","","","","","","","","","","","","40.6","","","","","","","","","","","","","","","","","","","","","","54","","54","","","","","","","","","","","","",
"Korea, Rep.","KOR","Contraceptive prevalence, any methods (% of women ages 15-49)","SP.DYN.CONU.ZS","","","","","","16","20","","","","","24.5","","","34.9","","44.2","","","54.5","","","57.7","","","70.4","","","77.1","","","79.4","","","77.4","","","80.5","","","79.3","","","84.5","","80.2","79.6","","","80","","","77.1","","","79.6","","","82.3","","",
"Kuwait","KWT","Contraceptive prevalence, any methods (% of women ages 15-49)","SP.DYN.CONU.ZS","","","","","","","","","","","","","","","","","","","","","","","","","","39","","34.6","","","","","","","49.8","","50.2","","","52","","","","","","","","","","","","","","","","","","","","","",
"Latin America & Caribbean (excluding high income)","LAC","Contraceptive prevalence, any methods (% of women ages 15-49)","SP.DYN.CONU.ZS","","","","","","","","","","","","","","","","","","","","","","","","","","","","","","","58.5542202849912","","","","","","","","","","","","","","","","","","","","","","","","","","","","","","",
"Lao PDR","LAO","Contraceptive prevalence, any methods (% of women ages 15-49)","SP.DYN.CONU.ZS","","","","","","","","","","","","","","","","","","","","","","","","","","","","","","","","","","18.6","","20","","","","","32.2","","","","","38.4","","","","","","","49.8","","","","","54.1","","","",
"Lebanon","LBN","Contraceptive prevalence, any methods (% of women ages 15-49)","SP.DYN.CONU.ZS","","","","","","","","","","","","53","","","","","","","","","","","","","61.7","","","","","","","","","","","","61.1","","","","62.7","","58","","58","","","","","54.5","","","","","","","","","","","",
"Liberia","LBR","Contraceptive prevalence, any methods (% of women ages 15-49)","SP.DYN.CONU.ZS","","","","","","","","","","","","","","","","","","","","","","","","","","","6.4","","","","","","","","","","","","","","10","","","","","","","11.4","","","","","","20.2","","","31.2","","","","24.9",
"Libya","LBY","Contraceptive prevalence, any methods (% of women ages 15-49)","SP.DYN.CONU.ZS","","","","","","","","","","","","","","","","","","","","","","","","","","","","","","","","","","","","45.2","","","","","","","","44.5","","","","41.9","","","","","","","27.7","","","","","","",
"St. Lucia","LCA","Contraceptive prevalence, any methods (% of women ages 15-49)","SP.DYN.CONU.ZS","","","","","","","","","","","","","","","","","","","","","","52.2","52.2","","","","","","47.3","","","","","","","","","","47","","","","","","","","","","","","","","55.5","","","","","","","","",
"Latin America & Caribbean","LCN","Contraceptive prevalence, any methods (% of women ages 15-49)","SP.DYN.CONU.ZS","","","","","","","","","","","","","","","","","","","","","","","","","","","","","","","58.4512100561767","","","","","","","","","","","","","","","","","","","","","","","","","","","","","","",
"Least developed countries: UN classification","LDC","Contraceptive prevalence, any methods (% of women ages 15-49)","SP.DYN.CONU.ZS","","","","","","","","","","","","","","","","","","","","","","","","","","","","","","","18.5699689876132","","","","","","","","","","27.4567687035829","","","","","","","","","","33.9198637721803","","","","","","","39.01655924153","","","",
"Low income","LIC","Contraceptive prevalence, any methods (% of women ages 15-49)","SP.DYN.CONU.ZS","","","","","","","","","","","","","","","","","","","","","","","","","","","","","","","14.5844224437479","","","","","","","","","","20.7731874896765","","","","","","","","","","25.7805561265621","","","","","","","31.8133917994667","","","",
"Liechtenstein","LIE","Contraceptive prevalence, any methods (% of women ages 15-49)","SP.DYN.CONU.ZS","","","","","","","","","","","","","","","","","","","","","","","","","","","","","","","","","","","","","","","","","","","","","","","","","","","","","","","","","","","","","",
"Sri Lanka","LKA","Contraceptive prevalence, any methods (% of women ages 15-49)","SP.DYN.CONU.ZS","","","","","","","","","","","","","","","43.2","34.4","","48.6","","","","","47.7","","","","","61.7","","","","","","66.1","","","","","","","70","","","","","","","68.4","","","","","","","","","64.6","","","","",
"Lower middle income","LMC","Contraceptive prevalence, any methods (% of women ages 15-49)","SP.DYN.CONU.ZS","","","","","","","","","","","","","","","","","","","","","","","","","","","","","","","39.4570680310777","","","","","","","","","","46.935532564922","","","","","","","","","","52.1574214136819","","","","","","","50.2489434476846","","","",
"Low & middle income","LMY","Contraceptive prevalence, any methods (% of women ages 15-49)","SP.DYN.CONU.ZS","","","","","","","","","","","","","","","","","","","","","","","","","","","","","","","56.0702544300542","","","","","","","","","","58.5142246402912","","","","","","","","","","62.0131985898846","","","","","","","58.8849735628877","","","",
"Lesotho","LSO","Contraceptive prevalence, any methods (% of women ages 15-49)","SP.DYN.CONU.ZS","","","","","","","","","","","","","","","","","","7.2","","","","","","","","","","","","","","","23.2","","","29.1","","","","","30.4","40.6","38","","37.3","37.3","","","","47","47","63.4","","","60.2","","","","64.9","","",
"Late-demographic dividend","LTE","Contraceptive prevalence, any methods (% of women ages 15-49)","SP.DYN.CONU.ZS","","","","","","","","","","","","","","","","","","","","","","","","","","","","","","","77.7562786489866","","","","","","","","","","81.0380627888893","","","","","","","","","","83.2778877756785","","","","","","","80.4590362150092","","","",
"Lithuania","LTU","Contraceptive prevalence, any methods (% of women ages 15-49)","SP.DYN.CONU.ZS","","","","","","","","","","","","","","","","","","","","","","","","","","","","","","","","","","","","50.7","","","","","","","","","","","62.9","","","68.7861271676301","","","","","","","","","","","",
"Luxembourg","LUX","Contraceptive prevalence, any methods (% of women ages 15-49)","SP.DYN.CONU.ZS","","","","","","","","","","","","","","","","","","","","","","","","","","","","","","","","","","","","","","","","","","","","","","","","","","","","","","","","","","","","","",
"Latvia","LVA","Contraceptive prevalence, any methods (% of women ages 15-49)","SP.DYN.CONU.ZS","","","","","","","","","","","","","","","","","","","","","","","","","","","","","","","","","","","","67.8","","","","","","","","","","","","","","","","","","","","","","","","","",
"Macao SAR, China","MAC","Contraceptive prevalence, any methods (% of women ages 15-49)","SP.DYN.CONU.ZS","","","","","","","","","","","","","","","","","","","","","","","","","","","","","","","","","","","","","","","","","","","","","","","","","","","","","","","","","","","","","",
"St. Martin (French part)","MAF","Contraceptive prevalence, any methods (% of women ages 15-49)","SP.DYN.CONU.ZS","","","","","","","","","","","","","","","","","","","","","","","","","","","","","","","","","","","","","","","","","","","","","","","","","","","","","","","","","","","","","",
"Morocco","MAR","Contraceptive prevalence, any methods (% of women ages 15-49)","SP.DYN.CONU.ZS","","","","","","","","","","","","","","","","","","","","","19.4","","","","25.5","","","35.9","","","","","41.5","","","50.3","","58.4","","","","","","","63","","","","","","","67.4","","","","","","","70.8","","",
"Monaco","MCO","Contraceptive prevalence, any methods (% of women ages 15-49)","SP.DYN.CONU.ZS","","","","","","","","","","","","","","","","","","","","","","","","","","","","","","","","","","","","","","","","","","","","","","","","","","","","","","","","","","","","","",
"Moldova","MDA","Contraceptive prevalence, any methods (% of women ages 15-49)","SP.DYN.CONU.ZS","","","","","","","","","","","","","","","","","","","","","","","","","","","","","","","","","","","","","","73.7","","","62.4","","","","","67.8","","","","","","","59.5","","","","","","","","55.99",
"Madagascar","MDG","Contraceptive prevalence, any methods (% of women ages 15-49)","SP.DYN.CONU.ZS","","","","","","","","","","","","","","","","","","","","","","","","","","","","","","","","","16.7","","","","","19.4","","25","18.8","","","","27.1","","","","","39.9","","","","39.8","","","","47.9","44.4","","",
"Maldives","MDV","Contraceptive prevalence, any methods (% of women ages 15-49)","SP.DYN.CONU.ZS","","","","","","","","","","","","","","","","","","","","","","","","","","","","","","","","29","","","","","","","","42","","","","","39","","","","","34.7","","","","","","","","18.8","","","",
"Middle East & North Africa","MEA","Contraceptive prevalence, any methods (% of women ages 15-49)","SP.DYN.CONU.ZS","","","","","","","","","","","","","","","","","","","","","","","","","","","","","","","43.1323028871981","","","","","","","","","","57.6817205415822","","","","","","","","","","63.3514259691205","","","","","","","","","","",
"Mexico","MEX","Contraceptive prevalence, any methods (% of women ages 15-49)","SP.DYN.CONU.ZS","","","","","","","","","","","","","","","","","","30.3","40","37.8","","","47.7","","","","","52.7","","","","","63.1","","","66.5","","68.4","","","70","","","74.5","73","73.7","70.9","","","72.5","","","","","72.29798","66.9","","","73.10006","","",
"Marshall Islands","MHL","Contraceptive prevalence, any methods (% of women ages 15-49)","SP.DYN.CONU.ZS","","","","","","","","","","","22.7","","","","","","","","","","","","","","","27.2","","","","","","","","","37","","","","","","","34","","","","","","44.6","","","","","","","","","","","","","",
"Middle income","MIC","Contraceptive prevalence, any methods (% of women ages 15-49)","SP.DYN.CONU.ZS","","","","","","","","","","","","","","","","","","","","","","","","","","","","","","","58.2944937577899","","","","","","","","","","61.217991806067","","","","","","","","","","65.1978720385936","","","","","","","61.6566622508762","","","",
"North Macedonia","MKD","Contraceptive prevalence, any methods (% of women ages 15-49)","SP.DYN.CONU.ZS","","","","","","","","","","","43.2","","","","","","","","","","","","","","","","","","","","","","","","","","","","","","","","","","","13.5","","","","","","40.2","","","","","","","","59.9","",
"Mali","MLI","Contraceptive prevalence, any methods (% of women ages 15-49)","SP.DYN.CONU.ZS","","","","","","","","","","","","","","","","","","","","","","","","","","","","4.7","","","","","","","","","6.7","","","","","8.1","","","","","8.2","","","","9.4","","","10.3","","15.6","","","17.2","","",
"Malta","MLT","Contraceptive prevalence, any methods (% of women ages 15-49)","SP.DYN.CONU.ZS","","","","","","","","","","","","87","","","","","","","","","","","","","","","","","","","","","","85.8","","","","","","","","","","","","","","","","","","","","","","","","","","","",
"Myanmar","MMR","Contraceptive prevalence, any methods (% of women ages 15-49)","SP.DYN.CONU.ZS","","","","","","","","","","","","","","","","","","","","","5","","","","","","","","","","","16.8","","","","","","32.7","","","","37","","34.3","","","","41","","","46","","","","","","52.2","","","","",
"Middle East & North Africa (excluding high income)","MNA","Contraceptive prevalence, any methods (% of women ages 15-49)","SP.DYN.CONU.ZS","","","","","","","","","","","","","","","","","","","","","","","","","","","","","","","42.7364060030531","","","","","","","","","","60.963978327558","","","","","","","","","","63.7751451490584","","","","","","","","","","",
"Montenegro","MNE","Contraceptive prevalence, any methods (% of women ages 15-49)","SP.DYN.CONU.ZS","","","","","","","","","","","49.5","","","","","","","","","","","","","","","","","","","","","","","","","","","","","","52.7","","","","","","39.4","","","","","","","23.3","","","","","20.7","","",
"Mongolia","MNG","Contraceptive prevalence, any methods (% of women ages 15-49)","SP.DYN.CONU.ZS","","","","","","","","","","","","","","","","","","","","","","","","","","","","","","","","","","","57.3","","57.3","","59.9","","67.4","","","69","","66","","","55.2","","54.9","","","54.6","54.6","","","","48.1","","",
"Northern Mariana Islands","MNP","Contraceptive prevalence, any methods (% of women ages 15-49)","SP.DYN.CONU.ZS","","","","","","","","","","","20.5","","","","","","","","","","","","","","","","","","","","","","","","","","","","","","","","","","","","","","","","","","","","","","","","","","",
"Mozambique","MOZ","Contraceptive prevalence, any methods (% of women ages 15-49)","SP.DYN.CONU.ZS","","","","","","","","","","","","","","","","","","","","","","","","","","","","","","","","","","","","","","5.6","","","","","","16.5","16.5","","","","16.2","11.6","","11.6","","","","27.1","","","","","",
"Mauritania","MRT","Contraceptive prevalence, any methods (% of women ages 15-49)","SP.DYN.CONU.ZS","","","","","","","","","","","","","","","","","","","","","","0.8","","","","","","","","","","4.1","","","","","","","","","","8","","","","","","9.3","","","","11.4","","","","17.8","","","","","",
"Mauritius","MUS","Contraceptive prevalence, any methods (% of women ages 15-49)","SP.DYN.CONU.ZS","","","","","","","","","","","","","","","","45.7","","","","","","","","","","74.6","","","","","","74.6","","","","","","","","","","","75.8","","","","","","","","","","","","63.8","","","","","","",
"Malawi","MWI","Contraceptive prevalence, any methods (% of women ages 15-49)","SP.DYN.CONU.ZS","","","","","","","","","","","","","","","","","","","","","","","","","6.9","","","","","","","","13","","","","21.9","","","","30.6","","","","32.5","32.5","41","","","","46.1","","","","58.6","","59.2","","","","",
"Malaysia","MYS","Contraceptive prevalence, any methods (% of women ages 15-49)","SP.DYN.CONU.ZS","","","","","","","","8.7","","","","","","","33","","","","","","","","","","51.4","51.4","","","48.3","50.1","","","","","55.1","","","","","","","","","","49","","","","","","","","","","52.2","","","","","","",
"North America","NAC","Contraceptive prevalence, any methods (% of women ages 15-49)","SP.DYN.CONU.ZS","","","","","","","","","","","","","","","","","","","","","","","","","","","","","","","70.7","","","","","","","","","","72.9205764558322","","","","","","","","","","76.4","","","","","","","73.9","","","",
"Namibia","NAM","Contraceptive prevalence, any methods (% of women ages 15-49)","SP.DYN.CONU.ZS","","","","","","","","","","","","","","","","","","","","","","","","","","","","","","40.9","","","28.9","","","","","","","","43.7","","","","","","","55.1","","","","","","56.1","","","","","","","",
"New Caledonia","NCL","Contraceptive prevalence, any methods (% of women ages 15-49)","SP.DYN.CONU.ZS","","","","","","","","","","","","","","","","","","","","","","","","","","","","","","","","","","","","","","","","","","","","","","","","","","","","","","","","","","","","","",
"Niger","NER","Contraceptive prevalence, any methods (% of women ages 15-49)","SP.DYN.CONU.ZS","","","","","","","","","","","","","","","","","","","","","","","","","","","","","","","","","4.4","","","","","","8.2","","14","","","","","","11.2","","","","18","","13.9","","","14.7","16.9","18.8859916378869","11","","",
"Nigeria","NGA","Contraceptive prevalence, any methods (% of women ages 15-49)","SP.DYN.CONU.ZS","","","","","","","","","","","","","","","","","","","","","","","6.8","","","","","","","","6","","","","13.4","","","","","15.3","","","","12.6","","","","14.7","14.6","","","17.5","13.5","15.1","","","20.4","13.4","16.6","","",
"Nicaragua","NIC","Contraceptive prevalence, any methods (% of women ages 15-49)","SP.DYN.CONU.ZS","","","","","","","","","","","","","","","","","","","","","","27","","","","","","","","","","","","48.7","","","","","60.3","","","68.6","","","","","","72.4","","","","","80.4","","","","","","","","",
"Netherlands","NLD","Contraceptive prevalence, any methods (% of women ages 15-49)","SP.DYN.CONU.ZS","","","","","","","","","","59","","","","","","75","","73","","","","","76.9","","","72","","","76.2","","","","","78.5","","","","","75","","","","","75","","","","","75","","","","","73","","","","","","","",
"Norway","NOR","Contraceptive prevalence, any methods (% of women ages 15-49)","SP.DYN.CONU.ZS","","","","","","","","","","","","","","","","","","","71","","","","","","","","","","","73.8","","","","","","","","","86.5","","","","","","","88.4","","","","","","","","","","","","","","","",
"Nepal","NPL","Contraceptive prevalence, any methods (% of women ages 15-49)","SP.DYN.CONU.ZS","","","","","","","","","","","","","","","","","2.4","","","","","6.8","","","","","15.1","","","","","","24.1","","","","28.5","","","","37.3","39.3","","","38.3","","48","","","","","49.7","","","49.6","","52.6","52.6","","46.6681216103212","",
"Nauru","NRU","Contraceptive prevalence, any methods (% of women ages 15-49)","SP.DYN.CONU.ZS","","","","","","","","","","","","","","","","","","","","","","","","","","","","","","","","","","","","","","","","","","","","","","","","35.6","","","","","","","","","","","","","",
"New Zealand","NZL","Contraceptive prevalence, any methods (% of women ages 15-49)","SP.DYN.CONU.ZS","","","","","","","","","","","","","","","","","70.1","","","","","","","","","","","","","","","","","","","75","","","","","","","","","","","","","","","","","","","","79.9","","","","","",
"OECD members","OED","Contraceptive prevalence, any methods (% of women ages 15-49)","SP.DYN.CONU.ZS","","","","","","","","","","","","","","","","","","","","","","","","","","","","","","","68.8798430545613","","","","","","","","","","71.0643795135744","","","","","","","","","","75.249247982687","","","","","","","69.5194116892078","","","",
"Oman","OMN","Contraceptive prevalence, any methods (% of women ages 15-49)","SP.DYN.CONU.ZS","","","","","","","","","","","","","","","","","","","","","","","","","","","","","","8.6","","","","","","23.7","","","","","31.7","","","","","","","","24.4","","","","","","29.7","","","","","","",
"Other small states","OSS","Contraceptive prevalence, any methods (% of women ages 15-49)","SP.DYN.CONU.ZS","","","","","","","","","","","","","","","","","","","","","","","","","","","","","","","","","","","","","","","","","34.0108937035722","","","","","","","","","","","","","","","","","","","","",
"Pakistan","PAK","Contraceptive prevalence, any methods (% of women ages 15-49)","SP.DYN.CONU.ZS","","","","","","","","","","5.5","","","","","","5.4","","","","","3.3","","","","","9.1","","","","","14.5","11.8","","21.9","","17.8","13","23.9","","17","","27.6","","32.1","","","26","29.6","27","","","","28.98","35.4","32","","","","34.2","34","",
"Panama","PAN","Contraceptive prevalence, any methods (% of women ages 15-49)","SP.DYN.CONU.ZS","","","","","","","","","","","","","","","","","53.9","","","60.6","","","","","58.2","58.2","","","","","","","","","","","","","","","","","","","","","","","","62.5","","","","62.8","","50.8","","","","","",
"Peru","PER","Contraceptive prevalence, any methods (% of women ages 15-49)","SP.DYN.CONU.ZS","","","","","","","","","","","26","","","","","","","","31.4","","","41","","","","","45.8","","","","","","59","","","","64.2","","","","68.9","","","","70.5","71.3","71.3","","72.4","73.2","74.4","75.4","75.5","74","74.6","74.6","76.2","75.4","76.3","","",
"Philippines","PHL","Contraceptive prevalence, any methods (% of women ages 15-49)","SP.DYN.CONU.ZS","","","","","","","","","15.3999996185","","","","","","","","","","36.2","","","","","","","","43.6","","36.2","","","","","40","","50.7","48.1","47","47.8","49.3","47","49.5","48.8","48.9","49.3","49.3","50.6","","50.7","","","48.9","","55.1","","","","54.1","","","",
"Palau","PLW","Contraceptive prevalence, any methods (% of women ages 15-49)","SP.DYN.CONU.ZS","","","","","","","","","","","","","","","","","","","","","","","","","","","","","","","","","","","","","","","","","17.2","","","32.8","","","","21","","","22.26","","","","","","","","","","",
"Papua New Guinea","PNG","Contraceptive prevalence, any methods (% of women ages 15-49)","SP.DYN.CONU.ZS","","","","","","","","","","","","","","","","","","","","","","","","","","","","","","","","","","","","","25.9","25.9","","","","","","","","","32.4","32.4","","","","","","","","","","","36.7","","",
"Poland","POL","Contraceptive prevalence, any methods (% of women ages 15-49)","SP.DYN.CONU.ZS","","","","","","","","","","","","","60","","","","","75","","","","","","","","","","","","","","72.7","","","","","","","","","","","","","","","","","","","","50.6","","","62.3","","","","","","",
"Pre-demographic dividend","PRE","Contraceptive prevalence, any methods (% of women ages 15-49)","SP.DYN.CONU.ZS","","","","","","","","","","","","","","","","","","","","","","","","","","","","","","","9.95398816116021","","","","","","","","","","19.6378643872854","","","","","","","","","","22.4759157077886","","","","","","","27.6966083985192","","","",
"Puerto Rico","PRI","Contraceptive prevalence, any methods (% of women ages 15-49)","SP.DYN.CONU.ZS","","","","","","","","","60.1","","","","","","61","","64.6","","","","","","70.4","","","","","","","","","","","","","","77.7","","","","","","84.1","","","","","","","","","","","","","","","","","","",
"Korea, Dem. People's Rep.","PRK","Contraceptive prevalence, any methods (% of women ages 15-49)","SP.DYN.CONU.ZS","","","","","","","","","","","","","","","","","","","","","","","","","","","","","","","","61.9","61.9","","","","62","67.3","","","","","68.6","","67.6","","69.1","","","","70.6","","","","78.2","","","70.2","","","",
"Portugal","PRT","Contraceptive prevalence, any methods (% of women ages 15-49)","SP.DYN.CONU.ZS","","","","","","","","","","","","","","","","","","","","","76.3","","","","","","","","","","","","","","","","","78.8","","","","","","","","","86.8","","","","","","","","73.9","","","","","","",
"Paraguay","PRY","Contraceptive prevalence, any methods (% of women ages 15-49)","SP.DYN.CONU.ZS","","","","","","","","","","","","","","","","","","28.6","","37.7","","","","","","","","44.8","","","48.4","","","","","","55.9","","61.8","","","","","","72.8","","","","79.4","","","","","","","","68.4","","","","",
"West Bank and Gaza","PSE","Contraceptive prevalence, any methods (% of women ages 15-49)","SP.DYN.CONU.ZS","","","","","","","","","","","","","","","","","","","","","","","","","","","","","","","","","","","","","45.2","","","","51.4","","","","50.6","","50.2","50.2","","","52.5","","","","57.2","","","","","","57.3",
"Pacific island small states","PSS","Contraceptive prevalence, any methods (% of women ages 15-49)","SP.DYN.CONU.ZS","","","","","","","","","","","","","","","","","","","","","","","","","","","","","","","","","","","","","","","","","32.0853471779484","","","","","","","","","","","","","","","","","","","","",
"Post-demographic dividend","PST","Contraceptive prevalence, any methods (% of women ages 15-49)","SP.DYN.CONU.ZS","","","","","","","","","","","","","","","","","","","","","","","","","","","","","","","70.3151746681504","","","","","","","","","","71.6634270175465","","","","","","","","","","76.0518539317309","","","","","","","67.9950312691726","","","",
"French Polynesia","PYF","Contraceptive prevalence, any methods (% of women ages 15-49)","SP.DYN.CONU.ZS","","","","","","","","","","","","","","","","","","","","","","","","","","","","","","","","","","","","","","","","","","","","","","","","","","","","","","","","","","","","","",
"Qatar","QAT","Contraceptive prevalence, any methods (% of women ages 15-49)","SP.DYN.CONU.ZS","","","","","","","","","","","","","","","","","","","","","","","","","","","","32.3","","","","","","","","","","","43.2","","","","","","","","","","","","","","37.5","","","","","","","","",
"Romania","ROU","Contraceptive prevalence, any methods (% of women ages 15-49)","SP.DYN.CONU.ZS","","","","","","","","","","","","","","","","","","","58","","","","","","","","","","","","","","","57.3","","","","","","63.8","","","","","70.3","69.8","","","","","","","","","","","","","","","",
"Russian Federation","RUS","Contraceptive prevalence, any methods (% of women ages 15-49)","SP.DYN.CONU.ZS","","","","","","","","","","","","","","","","","","","","","","","","","","","","","","","","","","62.5","66.8","63.4","65.3","","","","","","","","83.8","","","79.5","","","64.9","68","","","","","","","","","",
"Rwanda","RWA","Contraceptive prevalence, any methods (% of women ages 15-49)","SP.DYN.CONU.ZS","","","","","","","","","","","","","","","","","","","","","","","","11","","","","","","","","","21.2","","","","13.7","","","","13.2","","","","","17.4","","","36.4","","51.6","51.6","","","","53.2","","","","","",
"South Asia","SAS","Contraceptive prevalence, any methods (% of women ages 15-49)","SP.DYN.CONU.ZS","","","","","","","","","","","","","","","","","","","","","","","","","","","","","","","41.3176302044972","","","","","","","","","","45.4294590452825","","","","","","","","","","52.0840848372281","","","","","","","51.5758867932242","","","",
"Saudi Arabia","SAU","Contraceptive prevalence, any methods (% of women ages 15-49)","SP.DYN.CONU.ZS","","","","","","","","","","","","","","","","","","","","","","","","","","","","","","","","","","","","","31.8","31.8","","20.8","","","","","","","","23.8","","","","","","","","","24.6","","","","",
"Sudan","SDN","Contraceptive prevalence, any methods (% of women ages 15-49)","SP.DYN.CONU.ZS","","","","","","","","","","","","","","","","","","","","4.6","","","","","","","","","","","8.7","","","9.9","","","","","","7","","","","","","","9.5","","","","9.1","","","","12.2","","","","","","",
"Senegal","SEN","Contraceptive prevalence, any methods (% of women ages 15-49)","SP.DYN.CONU.ZS","","","","","","","","","","","","","","","","","","","3.9","","","","","","","","4.7","","","","","","","7.4","","","","12.9","","10.5","","","","","","11.8","","","","","","13.1","","17.8","22.2","23.3","25.1","27.8","27.1","26.9","",
"Singapore","SGP","Contraceptive prevalence, any methods (% of women ages 15-49)","SP.DYN.CONU.ZS","","","","","","","","","","","","","","60.1","","","","71.3","","","","","74.2","","","","","67","","","","","65","","","","","62","","","","","","","","","","","","","","","","","","","","","","","",
"Solomon Islands","SLB","Contraceptive prevalence, any methods (% of women ages 15-49)","SP.DYN.CONU.ZS","","","","","","","","","","","","","","","","","","","","","","","","","","","","","","","","","","","","","11","","","","","6.8","","","","","","34.6","","","","","","","","29.3","","","","","",
"Sierra Leone","SLE","Contraceptive prevalence, any methods (% of women ages 15-49)","SP.DYN.CONU.ZS","","","","","","","","","","","","","","","","","","","","","","","","","","","","","","","","","2.6","","","","","","","","4.3","","","","","5.3","","","8.2","","11","","","16.6","","","","22.5","","21.2","",
"El Salvador","SLV","Contraceptive prevalence, any methods (% of women ages 15-49)","SP.DYN.CONU.ZS","","","","","","","","","","","","","","","","21.6","","","34.4","","","","","","","47.3","","","47.1","","","","","53.3","","","","","60","","","","","67.3","","","","","72.3","","","","","","71.9","","","","","","",
"San Marino","SMR","Contraceptive prevalence, any methods (% of women ages 15-49)","SP.DYN.CONU.ZS","","","","","","","","","","","","","","","","","","","","","","","","","","","","","","","","","","","","","","","","","","","","","","","","","","","","","","","","","","","","","",
"Somalia","SOM","Contraceptive prevalence, any methods (% of women ages 15-49)","SP.DYN.CONU.ZS","","","","","","","","","","","","","","","","","","","","","","","","","","","","","","","","","","","","","","","","7.9","","","","","","","14.6","","","","","9.8","","","","","","","","6.9","",
"Serbia","SRB","Contraceptive prevalence, any methods (% of women ages 15-49)","SP.DYN.CONU.ZS","","","","","","","","","","","51.7","","","","","","","","","","","","","","","","","","","","","","","","","","","","","","58.7","","","","","","41.2","","","","60.8","","","","58.4","","","","","62.3","",
"Sub-Saharan Africa (excluding high income)","SSA","Contraceptive prevalence, any methods (% of women ages 15-49)","SP.DYN.CONU.ZS","","","","","","","","","","","","","","","","","","","","","","","","","","","","","","","15.3008716390746","","","","","","","","","","22.064657305308","","","","","","","","","","23.7086788498844","","","","","","","31.3700043461979","","","",
"South Sudan","SSD","Contraceptive prevalence, any methods (% of women ages 15-49)","SP.DYN.CONU.ZS","","","","","","","","","","","","","","","","","","","","","","","","","","","","","","","","","","","","","","","","","","","","","","","3.5","","","","4","","","","","","","","","","",
"Sub-Saharan Africa","SSF","Contraceptive prevalence, any methods (% of women ages 15-49)","SP.DYN.CONU.ZS","","","","","","","","","","","","","","","","","","","","","","","","","","","","","","","15.3008716390746","","","","","","","","","","22.064657305308","","","","","","","","","","23.7086788498844","","","","","","","31.3700043461979","","","",
"Small states","SST","Contraceptive prevalence, any methods (% of women ages 15-49)","SP.DYN.CONU.ZS","","","","","","","","","","","","","","","","","","","","","","","","","","","","","","","","","","","","","","","","","39.0149709160009","","","","","","","","","","40.8563738827113","","","","","","","","","","",
"Sao Tome and Principe","STP","Contraceptive prevalence, any methods (% of women ages 15-49)","SP.DYN.CONU.ZS","","","","","","","","","","","","","","","","","","","","","","","","","","","","","","","","","","","","","","","","","29.3","","","","","","30.7","","","38.4","","","","","40.6","","","","","49.7","",
"Suriname","SUR","Contraceptive prevalence, any methods (% of women ages 15-49)","SP.DYN.CONU.ZS","","","","","","","","","","","","","","","","","","","","","","","","","","","","","","","","","48","","","","","","","","42.1","","","","","","45.6","","","","47.6","","","","","","","","39.1","","",
"Slovak Republic","SVK","Contraceptive prevalence, any methods (% of women ages 15-49)","SP.DYN.CONU.ZS","","","","","","","","","","","","","","","","","","","","","","","","","","","","","","","","74","","","","","","79.8","","","","","","","","","","","","","","","","","","","","","","","",
"Slovenia","SVN","Contraceptive prevalence, any methods (% of women ages 15-49)","SP.DYN.CONU.ZS","","","","","","","","","","","70.6","","","","","","","","","","","","","","","","","","","","","","","","","78.9","","","","","","","","","","","","","","","","","","","","","","","","","",
"Sweden","SWE","Contraceptive prevalence, any methods (% of women ages 15-49)","SP.DYN.CONU.ZS","","","","","","","","","","","","","","","","","","","","","","78","","","","","","","","","","","","","","","75.2","","","","","","","","","","","","","","","","","72.4","","","","70.3","","","",
"Eswatini","SWZ","Contraceptive prevalence, any methods (% of women ages 15-49)","SP.DYN.CONU.ZS","","","","","","","","","","","","","","","","","","","","","","","","","","","","","19.8","19.8","","","","","","","","","","","27.7","","40.1","","","","","50.6","","","65.2","","","","66.1","","","","","","",
"Sint Maarten (Dutch part)","SXM","Contraceptive prevalence, any methods (% of women ages 15-49)","SP.DYN.CONU.ZS","","","","","","","","","","","","","","","","","","","","","","","","","","","","","","","","","","","","","","","","","","","","","","","","","","","","","","","","","","","","","",
"Seychelles","SYC","Contraceptive prevalence, any methods (% of women ages 15-49)","SP.DYN.CONU.ZS","","","","","","","","","","","","","","","","","","","","","","","","","","","","","","","","","","","","","","","","","","","","","","","","","","","","","","","","","","","","","",
"Syrian Arab Republic","SYR","Contraceptive prevalence, any methods (% of women ages 15-49)","SP.DYN.CONU.ZS","","","","","","","","","","","","","","","","","","","29.5","","","","","","","","","","","","","","","39.6","","","","","","","45.2999992371","46.6","","","","","58.3","","","53.9","53.9","","","","","","","","","","",
"Turks and Caicos Islands","TCA","Contraceptive prevalence, any methods (% of women ages 15-49)","SP.DYN.CONU.ZS","","","","","","","","","","","","","","","","","","","","","","","","","","","","","","","","","","","","","","","","","","","","","","","","","","","","","","","","","","","","","",
"Chad","TCD","Contraceptive prevalence, any methods (% of women ages 15-49)","SP.DYN.CONU.ZS","","","","","","","","","","","","","","","","","","","","","","","","","","","","","","","","","","","","","","4.1","","","7.9","","","","2.8","","","","","","4.8","","","","","5.7","","","","8.1","",
"East Asia & Pacific (IDA & IBRD countries)","TEA","Contraceptive prevalence, any methods (% of women ages 15-49)","SP.DYN.CONU.ZS","","","","","","","","","","","","","","","","","","","","","","","","","","","","","","","74.8941906073677","","","","","","","","","","76.3693386815292","","","","","","","","","","81.1446369512361","","","","","","","76.1381609451546","","","",
"Europe & Central Asia (IDA & IBRD countries)","TEC","Contraceptive prevalence, any methods (% of women ages 15-49)","SP.DYN.CONU.ZS","","","","","","","","","","","","","","","","","","","","","","","","","","","","","","","","","","","","","","","","","","","","","","","","","","","62.4314240847067","","","","","","","","","","",
"Togo","TGO","Contraceptive prevalence, any methods (% of women ages 15-49)","SP.DYN.CONU.ZS","","","","","","","","","","","","","","","","","","","","","","","","","","","","","12.1","","","","","","","","","","13.9","","25.7","","","","","","16.8","","","","15.2","","","","19.9","","","23.9","","","",
"Thailand","THA","Contraceptive prevalence, any methods (% of women ages 15-49)","SP.DYN.CONU.ZS","","","","","","","","","","","14.8","","","26.3","","36.7","","","53.4","53.4","","59","","","64.6","","","65.5","","66.2","","","","73.9","","","75.2","72.2","","","79.2","77.8","","","","71.5","71.5","","","79.6","","","79.3","","","","78.4","","","73","",
"Tajikistan","TJK","Contraceptive prevalence, any methods (% of women ages 15-49)","SP.DYN.CONU.ZS","","","","","","","","","","","","","","","","","","","","","","","","","","","","","","","","","","","","","","","","","33.9","","","25.3","24.6","37.9","28.5","37.1","","","","","27.9","","","","","29.3","","","",
"Turkmenistan","TKM","Contraceptive prevalence, any methods (% of women ages 15-49)","SP.DYN.CONU.ZS","","","","","","","","","","","","","","","","","","","","","","","","","","","","","","","","","","","","","","","","","53.9","","","","","","48","","","","","","","","","50.2","50.2","","","49.7","",
"Latin America & the Caribbean (IDA & IBRD countries)","TLA","Contraceptive prevalence, any methods (% of women ages 15-49)","SP.DYN.CONU.ZS","","","","","","","","","","","","","","","","","","","","","","","","","","","","","","","58.4514875694887","","","","","","","","","","","","","","","","","","","","","","","","","","","","","","",
"Timor-Leste","TLS","Contraceptive prevalence, any methods (% of women ages 15-49)","SP.DYN.CONU.ZS","","","","","","","","","","","","","","","","","","","","","","","","","","","","","","","","25.1","","","22.6","","","26.7","","","","8","","10","","","","19.8","","","22.3","","","","","","26.1","","","","",
"Middle East & North Africa (IDA & IBRD countries)","TMN","Contraceptive prevalence, any methods (% of women ages 15-49)","SP.DYN.CONU.ZS","","","","","","","","","","","","","","","","","","","","","","","","","","","","","","","42.7364060030531","","","","","","","","","","61.0699004614367","","","","","","","","","","63.900697843765","","","","","","","","","","",
"Tonga","TON","Contraceptive prevalence, any methods (% of women ages 15-49)","SP.DYN.CONU.ZS","","","","","","","","","","","","","","","","","46","","","","","","","","","","","","","","","","","","","","","41","","32.8","33","","23","","","","23.9","","","","31.5","","34.1","","","","","","","29.3","",
"South Asia (IDA & IBRD)","TSA","Contraceptive prevalence, any methods (% of women ages 15-49)","SP.DYN.CONU.ZS","","","","","","","","","","","","","","","","","","","","","","","","","","","","","","","41.3176302044972","","","","","","","","","","45.4294590452825","","","","","","","","","","52.0840848372281","","","","","","","51.5758867932242","","","",
"Sub-Saharan Africa (IDA & IBRD countries)","TSS","Contraceptive prevalence, any methods (% of women ages 15-49)","SP.DYN.CONU.ZS","","","","","","","","","","","","","","","","","","","","","","","","","","","","","","","15.3008716390746","","","","","","","","","","22.064657305308","","","","","","","","","","23.7086788498844","","","","","","","31.3700043461979","","","",
"Trinidad and Tobago","TTO","Contraceptive prevalence, any methods (% of women ages 15-49)","SP.DYN.CONU.ZS","","","","","","","","","","","","43.6","","","","","","60.2","","","","","","","","","","52.7","","","","","","","","","","","","","38.2","","","","","","42.5","","","","","40.3","","","","","","","","","",
"Tunisia","TUN","Contraceptive prevalence, any methods (% of women ages 15-49)","SP.DYN.CONU.ZS","","","","","","","","","","","","","","","","","","","31.4","","","","","41.1","","","","","49.8","","","","","","","60","","","","","65.5","62.6","","","","","60.2","","","","","","62.5","","","","","","50.7","","",
"Turkey","TUR","Contraceptive prevalence, any methods (% of women ages 15-49)","SP.DYN.CONU.ZS","","","","22.1","","","","","31.6","","","","","36.8","","","","","50.4","","","","","50.6","","","","","63.4","","","","","62.6","","","","","63.9","","","","","71","71","","","","73","","","","","73.5","73.5","","","","69.8","","",
"Tuvalu","TUV","Contraceptive prevalence, any methods (% of women ages 15-49)","SP.DYN.CONU.ZS","","","","","","","","","","","","","","","","","","","","","","","","","","","","","","","39","","","","","","","","","","","","31.6","","","","","30.5","","","","","","","","","","","","","",
"Tanzania","TZA","Contraceptive prevalence, any methods (% of women ages 15-49)","SP.DYN.CONU.ZS","","","","","","","","","","","","","","","","","","","","","","","","","","","","","","","","","10.4","","20.4","","18.4","","","25.4","","","","","28.2","26.4","","","","","34.4","","","","","","38.4","","","","",
"Uganda","UGA","Contraceptive prevalence, any methods (% of women ages 15-49)","SP.DYN.CONU.ZS","","","","","","","","","","","","","","","","","","","","","","","","","","","","","","4.9","","","","","","14.8","","","","","","22.8","","","","19.7","23.7","","","","","30","","","27.2","34.3","39","38.5196617643102","41.8","","",
"Ukraine","UKR","Contraceptive prevalence, any methods (% of women ages 15-49)","SP.DYN.CONU.ZS","","","","","","","","","","","","","","","","","","","","","","","","","","","","","","","","","","","","","","","","67.5","71.6","","","","","65.6","","66.7","","","","","65.4","","","","","","","","",
"Upper middle income","UMC","Contraceptive prevalence, any methods (% of women ages 15-49)","SP.DYN.CONU.ZS","","","","","","","","","","","","","","","","","","","","","","","","","","","","","","","77.0612110707184","","","","","","","","","","78.4394574895219","","","","","","","","","","82.2197974169298","","","","","","","78.7398232750636","","","",
"Uruguay","URY","Contraceptive prevalence, any methods (% of women ages 15-49)","SP.DYN.CONU.ZS","","","","","","","","","","","","","","","","","","","","","","","","","","","83","","","","","","","","","","","84","","","","","","","77","78","","","","","","","","","","79.5907284900367","","","","","",
"United States","USA","Contraceptive prevalence, any methods (% of women ages 15-49)","SP.DYN.CONU.ZS","","","","","","66.5","","","","","67.6","","","69.6","","79","67.7","","","","","","69.5","","","","","","74.3","","70.7","","","","","76.4","","","","","","","72.8","","","","","77.1","77.1","","76.4","","74.1","74.1","72.70028","72.70028","75.9371810574748","75.9371810574748","","73.9","",
"Uzbekistan","UZB","Contraceptive prevalence, any methods (% of women ages 15-49)","SP.DYN.CONU.ZS","","","","","","","","","","","","","","","","","","","","","","","","","","","","","","","","","","","","","55.6","","","","67.2","","67.7","","","","64.9","","","","","","","","","","","","","","",
"St. Vincent and the Grenadines","VCT","Contraceptive prevalence, any methods (% of women ages 15-49)","SP.DYN.CONU.ZS","","","","","","","","","","","","","","","","","","","","","","55.5","55.5","","","","","","58.3","","","","","","","","","","58","","","","","","","48","48","","","","","","","","","","","","","","",
"Venezuela, RB","VEN","Contraceptive prevalence, any methods (% of women ages 15-49)","SP.DYN.CONU.ZS","","","","","","","","","","","","","","","","","","60.3","","","","","","","","","","","","","","","","58","","","","","70.3","","","","","","","","","","","","74.9912474897415","","","","","","","","","","",
"British Virgin Islands","VGB","Contraceptive prevalence, any methods (% of women ages 15-49)","SP.DYN.CONU.ZS","","","","","","","","","","","","","","","","","","","","","","","","","","","","","","","","","","","","","","","","","","","","","","","","","","","","","","","","","","","","","",
"Virgin Islands (U.S.)","VIR","Contraceptive prevalence, any methods (% of women ages 15-49)","SP.DYN.CONU.ZS","","","","","","","","","","","","","","","","","","","","","","","","","","","","","","","","","","","","","","","","","","","78.4","","","","","","","","","","","","","","","","","","",
"Vietnam","VNM","Contraceptive prevalence, any methods (% of women ages 15-49)","SP.DYN.CONU.ZS","","","","","","","","","","","","","","","","","","","","","","20","","","","","58","","53.2","","","","","","65","","","75.3","71.9","","74.2","73.9","78.5","75.3","75.7","76.8","75.7","79","79.4","","78","77.8","76.3","77.3","75.7","75.7","77.5","","76.4","76.5","",
"Vanuatu","VUT","Contraceptive prevalence, any methods (% of women ages 15-49)","SP.DYN.CONU.ZS","","","","","","","","","","","","","","","","","","","","","","","","","24.4","","","","","","","15","","","","39","","","","28","","","","","","","","38.4","","","","","","49","","","","","","","",
"World","WLD","Contraceptive prevalence, any methods (% of women ages 15-49)","SP.DYN.CONU.ZS","","","","","","","","","","","","","","","","","","","","","","","","","","","","","","","58.4522820881163","","","","","","","","","","60.3324536796819","","","","","","","","","","63.5220692133415","","","","","","","59.6874664715625","","","",
"Samoa","WSM","Contraceptive prevalence, any methods (% of women ages 15-49)","SP.DYN.CONU.ZS","","","","","","","","","","","","","","","","","","","","","","","","","","","","","","","","","","","","30","42.6","","24.5","","","","","","","","","","","28.7","","","","","26.9","","","","","","16.6",
"Kosovo","XKX","Contraceptive prevalence, any methods (% of women ages 15-49)","SP.DYN.CONU.ZS","","","","","","","","","","","","","","","","","","","","","","","","","","","","","","","","","","","","","","","","","","","","","","","","","","","","","","","","","","","","","",
"Yemen, Rep.","YEM","Contraceptive prevalence, any methods (% of women ages 15-49)","SP.DYN.CONU.ZS","","","","","","","","","","","","","","","","","","","","1.7","","","","","","","","","","","","","9.7","","","","","20.8","","","","","","23.1","","","27.7","","","","","","","33.5","","","","","","","",
"South Africa","ZAF","Contraceptive prevalence, any methods (% of women ages 15-49)","SP.DYN.CONU.ZS","","","","","","","","","","","","","","","","","","","","","48","","","","","","","","49.7","49.7","57","","","","","","","","56.3","","","","","59.9","59.9","","","","","","","","","","","","54.6","","","","",
"Zambia","ZMB","Contraceptive prevalence, any methods (% of women ages 15-49)","SP.DYN.CONU.ZS","","","","","","","","","","","","","","","","","","","","","","","","","","","","","","","","","15.2","","","","25.9","25.9","","22","","","34.2","","","","","40.8","","","","","","","49","","","","49.6","","",
"Zimbabwe","ZWE","Contraceptive prevalence, any methods (% of women ages 15-49)","SP.DYN.CONU.ZS","","","","","","","","","","","","","","","","","","","","","","","","","38.4","","","","43.1","43.1","","","","","48.1","","","","","53.5","","","","","","","60.2","","","64.9","","58.5","","","66.9","66.8","","","","","",
